-- phpMyAdmin SQL Dump
-- version 4.8.5
-- https://www.phpmyadmin.net/
--
-- Servidor: 127.0.0.1
-- Tiempo de generación: 30-09-2019 a las 15:17:12
-- Versión del servidor: 10.1.38-MariaDB
-- Versión de PHP: 7.3.2

SET SQL_MODE = "NO_AUTO_VALUE_ON_ZERO";
SET AUTOCOMMIT = 0;
START TRANSACTION;
SET time_zone = "+00:00";


/*!40101 SET @OLD_CHARACTER_SET_CLIENT=@@CHARACTER_SET_CLIENT */;
/*!40101 SET @OLD_CHARACTER_SET_RESULTS=@@CHARACTER_SET_RESULTS */;
/*!40101 SET @OLD_COLLATION_CONNECTION=@@COLLATION_CONNECTION */;
/*!40101 SET NAMES utf8mb4 */;

--
-- Base de datos: `utn`
--
CREATE DATABASE IF NOT EXISTS `utn` DEFAULT CHARACTER SET latin1 COLLATE latin1_general_ci;
USE `utn`;

-- --------------------------------------------------------

--
-- Estructura de tabla para la tabla `envios`
--

CREATE TABLE `envios` (
  `numero` int(11) NOT NULL,
  `pNumero` int(11) NOT NULL,
  `cantidad` int(11) NOT NULL
) ENGINE=InnoDB DEFAULT CHARSET=latin1 COLLATE=latin1_general_ci;

--
-- Volcado de datos para la tabla `envios`
--

INSERT INTO `envios` (`numero`, `pNumero`, `cantidad`) VALUES
(100, 1, 500),
(100, 2, 1500),
(100, 3, 100),
(101, 2, 55),
(101, 3, 225),
(102, 1, 600),
(102, 3, 300);

-- --------------------------------------------------------

--
-- Estructura de tabla para la tabla `productos`
--

CREATE TABLE `productos` (
  `pNumero` int(11) NOT NULL,
  `pNombre` varchar(30) COLLATE latin1_general_ci DEFAULT NULL,
  `precio` float DEFAULT NULL,
  `tamaño` varchar(20) COLLATE latin1_general_ci DEFAULT NULL
) ENGINE=InnoDB DEFAULT CHARSET=latin1 COLLATE=latin1_general_ci;

--
-- Volcado de datos para la tabla `productos`
--

INSERT INTO `productos` (`pNumero`, `pNombre`, `precio`, `tamaño`) VALUES
(1, 'Caramelos', 1.5, 'Chico'),
(2, 'Cigarrillos', 45.89, 'Mediano'),
(3, 'Gaseosa', 15.8, 'Grande');

-- --------------------------------------------------------

--
-- Estructura de tabla para la tabla `proveedores`
--

CREATE TABLE `proveedores` (
  `numero` int(11) NOT NULL,
  `nombre` varchar(30) COLLATE latin1_general_ci DEFAULT NULL,
  `domicilio` varchar(50) COLLATE latin1_general_ci DEFAULT NULL,
  `localidad` varchar(80) COLLATE latin1_general_ci DEFAULT NULL
) ENGINE=InnoDB DEFAULT CHARSET=latin1 COLLATE=latin1_general_ci;

--
-- Volcado de datos para la tabla `proveedores`
--

INSERT INTO `proveedores` (`numero`, `nombre`, `domicilio`, `localidad`) VALUES
(100, 'Perez', 'Perón 876', 'Quilmes'),
(101, 'Gimenez', 'Mitre 750', 'Avellaneda'),
(102, 'Aguirre', 'Boedo 634', 'Bernal');

--
-- Índices para tablas volcadas
--

--
-- Indices de la tabla `envios`
--
ALTER TABLE `envios`
  ADD PRIMARY KEY (`numero`,`pNumero`);

--
-- Indices de la tabla `productos`
--
ALTER TABLE `productos`
  ADD PRIMARY KEY (`pNumero`);

--
-- Indices de la tabla `proveedores`
--
ALTER TABLE `proveedores`
  ADD PRIMARY KEY (`numero`);
COMMIT;

/*!40101 SET CHARACTER_SET_CLIENT=@OLD_CHARACTER_SET_CLIENT */;
/*!40101 SET CHARACTER_SET_RESULTS=@OLD_CHARACTER_SET_RESULTS */;
/*!40101 SET COLLATION_CONNECTION=@OLD_COLLATION_CONNECTION */;
